{"Manipulation": {"labels": ["Compound", "Hidden word", "Homophone", "Letter add-delete", "None", "Word split"], "first_try": [55.73018954161266, 41.491158206130876, 72.3404255319149, 22.22222222222222, 63.07899894516665, 97.72727272727273], "avg_wrong": [0.9475078759737726, 1.3066640650627213, 0.425531914893617, 3.759259259259259, 0.833771955667324, 0.06818181818181818], "never_correct": [15.65874180829048, 28.393097033173447, 17.02127659574468, 16.666666666666664, 12.274329838989962, 2.272727272727273], "n": [8, 6, 1, 1, 51, 1]}, "Abstraction": {"labels": ["Association", "Direct membership", "Shared property"], "first_try": [70.50483699068128, 63.32801396991181, 49.74537221800088], "avg_wrong": [0.6617361243953761, 0.8090472236801921, 1.2660721246461288], "never_correct": [16.393312928702212, 12.610864474274786, 17.605654528427493], "n": [4, 47, 17]}, "Knowledge": {"labels": ["Common cultural", "General vocabulary", "Specialist cultural"], "first_try": [63.260306383696474, 58.36547897652052, 67.55499860763018], "avg_wrong": [0.9924711604231136, 0.8895076148990847, 0.7040657198551936], "never_correct": [13.123123711624244, 14.657553397795061, 12.865497076023392], "n": [22, 43, 3]}, "Knowledge Domain": {"labels": ["Film-TV", "Food", "General", "Geography", "Language", "Literature", "Maths", "Music", "Religion", "Science", "Sport", "Technology"], "first_try": [66.25741289844329, 78.84360551027217, 65.5560924833297, 44.31261770244821, 55.45449573552439, 58.69565217391305, 31.380867498514558, 70.44545829665782, 72.3404255319149, 55.87871193134352, 57.446808510638306, 57.894601806239734], "avg_wrong": [0.7646906659253768, 0.3973926307259641, 0.8240839180434898, 1.5325800376647836, 1.0202190407123146, 0.6521739130434783, 1.2358526440879383, 0.70135095686391, 0.425531914893617, 1.0657059314954052, 1.5106382978723405, 1.0091440886699508], "never_correct": [17.287496911292312, 5.893512560179227, 9.39940326089412, 20.903954802259886, 16.037828278051446, 28.26086956521739, 39.3630421865716, 8.866879923921372, 17.02127659574468, 7.562466772993089, 29.78723404255319, 13.099856321839082], "n": [3, 3, 20, 2, 21, 1, 3, 6, 1, 3, 1, 4]}, "pdl_aggregates": {"manipulation": {"Compound": {"avg_first_try_pct": 0.557, "avg_wrong": 0.948, "n_rows": 8, "actual_wrong_dist": {"0": 0.3737, "1": 0.1953, "2": 0.0828, "3": 0.1189, "no_attempt_incomplete": 0.1359, "no_attempt_lost": 0.0934}}, "Hidden word": {"avg_first_try_pct": 0.415, "avg_wrong": 1.307, "n_rows": 6, "actual_wrong_dist": {"0": 0.2161, "1": 0.241, "2": 0.1357, "3": 0.097, "no_attempt_incomplete": 0.1579, "no_attempt_lost": 0.1524}}, "Homophone": {"avg_first_try_pct": 0.723, "avg_wrong": 0.426, "n_rows": 1, "actual_wrong_dist": {"0": 0.5085, "1": 0.2542, "2": 0.0169, "3": 0.0169, "no_attempt_incomplete": 0.1186, "no_attempt_lost": 0.0847}}, "Letter add-delete": {"avg_first_try_pct": 0.222, "avg_wrong": 3.759, "n_rows": 1, "actual_wrong_dist": {"0": 0.1098, "1": 0.1707, "2": 0.1951, "3": 0.1829, "no_attempt_incomplete": 0.2927, "no_attempt_lost": 0.0488}}, "None": {"avg_first_try_pct": 0.631, "avg_wrong": 0.834, "n_rows": 51, "actual_wrong_dist": {"0": 0.4825, "1": 0.1833, "2": 0.0899, "3": 0.0934, "no_attempt_incomplete": 0.0742, "no_attempt_lost": 0.0767}}, "Word split": {"avg_first_try_pct": 0.977, "avg_wrong": 0.068, "n_rows": 1, "actual_wrong_dist": {"0": 0.6462, "1": 0.0154, "2": 0.0154, "3": 0.0, "no_attempt_incomplete": 0.0923, "no_attempt_lost": 0.2308}}}, "abstraction": {"Association": {"avg_first_try_pct": 0.705, "avg_wrong": 0.662, "n_rows": 4, "actual_wrong_dist": {"0": 0.5418, "1": 0.0956, "2": 0.0757, "3": 0.0876, "no_attempt_incomplete": 0.0996, "no_attempt_lost": 0.0996}}, "Direct membership": {"avg_first_try_pct": 0.633, "avg_wrong": 0.809, "n_rows": 47, "actual_wrong_dist": {"0": 0.4806, "1": 0.1935, "2": 0.0819, "3": 0.0872, "no_attempt_incomplete": 0.0845, "no_attempt_lost": 0.0724}}, "Shared property": {"avg_first_try_pct": 0.497, "avg_wrong": 1.266, "n_rows": 17, "actual_wrong_dist": {"0": 0.3005, "1": 0.1979, "2": 0.1285, "3": 0.1223, "no_attempt_incomplete": 0.1233, "no_attempt_lost": 0.1275}}}, "knowledge": {"Common cultural": {"avg_first_try_pct": 0.633, "avg_wrong": 0.992, "n_rows": 22, "actual_wrong_dist": {"0": 0.4476, "1": 0.1725, "2": 0.0942, "3": 0.1254, "no_attempt_incomplete": 0.0965, "no_attempt_lost": 0.0638}}, "General vocabulary": {"avg_first_try_pct": 0.584, "avg_wrong": 0.89, "n_rows": 43, "actual_wrong_dist": {"0": 0.4417, "1": 0.1963, "2": 0.0969, "3": 0.0824, "no_attempt_incomplete": 0.0845, "no_attempt_lost": 0.0982}}, "Specialist cultural": {"avg_first_try_pct": 0.676, "avg_wrong": 0.704, "n_rows": 3, "actual_wrong_dist": {"0": 0.3497, "1": 0.1967, "2": 0.0383, "3": 0.0601, "no_attempt_incomplete": 0.224, "no_attempt_lost": 0.1311}}}, "same_domain": {"Different": {"avg_first_try_pct": 0.565, "avg_wrong": 0.918, "n_rows": 36, "actual_wrong_dist": {"0": 0.4126, "1": 0.2079, "2": 0.0955, "3": 0.086, "no_attempt_incomplete": 0.1011, "no_attempt_lost": 0.0969}}, "Same": {"avg_first_try_pct": 0.647, "avg_wrong": 0.911, "n_rows": 32, "actual_wrong_dist": {"0": 0.4722, "1": 0.164, "2": 0.0904, "3": 0.1083, "no_attempt_incomplete": 0.0881, "no_attempt_lost": 0.0771}}}}}