{"Manipulation": {"labels": ["Compound", "Hidden word", "Homophone", "None", "Word split"], "first_try": [58.294819793589085, 35.947086968758796, 72.3404255319149, 61.93444421859672, 97.72727272727273], "avg_wrong": [0.8701677312716132, 1.4070456890890326, 0.425531914893617, 0.8303838732792751, 0.06818181818181818], "never_correct": [13.133800161855788, 26.349563748944554, 17.02127659574468, 12.805668918211873, 2.272727272727273], "n": [7, 5, 1, 42, 1]}, "Abstraction": {"labels": ["Association", "Direct membership", "Shared property"], "first_try": [64.67311598757503, 62.64305048348323, 51.572515144328314], "avg_wrong": [0.7223148325271681, 0.8161802157698814, 1.0355904330388976], "never_correct": [20.524417238269614, 12.15827958995932, 17.50502589913297], "n": [3, 39, 14]}, "Knowledge": {"labels": ["Common cultural", "General vocabulary", "Specialist cultural"], "first_try": [65.85253247904733, 56.07387185541217, 82.44360902255639], "avg_wrong": [0.8819304421265555, 0.888651707792522, 0.31165413533834585], "never_correct": [11.29933747237821, 15.76931414556534, 2.631578947368421], "n": [17, 37, 2]}, "Knowledge Domain": {"labels": ["Film-TV", "Food", "General", "Geography", "Language", "Literature", "Maths", "Music", "Religion", "Science", "Technology"], "first_try": [65.01111934766493, 78.84360551027217, 63.466823667152006, 50.847457627118644, 58.288450487606, 58.69565217391305, 31.380867498514558, 70.44545829665782, 72.3404255319149, 55.87871193134352, 43.40311986863711], "avg_wrong": [0.5767234988880652, 0.3973926307259641, 0.7894789036581561, 1.576271186440678, 0.8656918960822949, 0.6521739130434783, 1.2358526440879383, 0.70135095686391, 0.425531914893617, 1.0657059314954052, 1.6276683087027914], "never_correct": [19.68124536693847, 5.893512560179227, 11.33668165160702, 8.47457627118644, 14.360139963111083, 28.26086956521739, 39.3630421865716, 8.866879923921372, 17.02127659574468, 7.562466772993089, 14.827586206896552], "n": [2, 3, 14, 1, 19, 1, 3, 6, 1, 3, 3]}, "pdl_aggregates": {"manipulation": {"Compound": {"avg_first_try_pct": 0.583, "avg_wrong": 0.87, "n_rows": 7, "actual_wrong_dist": {"0": 0.433, "1": 0.1778, "2": 0.0876, "3": 0.1211, "no_attempt_incomplete": 0.1005, "no_attempt_lost": 0.0799}}, "Hidden word": {"avg_first_try_pct": 0.359, "avg_wrong": 1.407, "n_rows": 5, "actual_wrong_dist": {"0": 0.2024, "1": 0.2857, "2": 0.1508, "3": 0.0952, "no_attempt_incomplete": 0.1071, "no_attempt_lost": 0.1587}}, "Homophone": {"avg_first_try_pct": 0.723, "avg_wrong": 0.426, "n_rows": 1, "actual_wrong_dist": {"0": 0.5085, "1": 0.2542, "2": 0.0169, "3": 0.0169, "no_attempt_incomplete": 0.1186, "no_attempt_lost": 0.0847}}, "None": {"avg_first_try_pct": 0.619, "avg_wrong": 0.83, "n_rows": 42, "actual_wrong_dist": {"0": 0.4754, "1": 0.1863, "2": 0.0964, "3": 0.0825, "no_attempt_incomplete": 0.0755, "no_attempt_lost": 0.084}}, "Word split": {"avg_first_try_pct": 0.977, "avg_wrong": 0.068, "n_rows": 1, "actual_wrong_dist": {"0": 0.6462, "1": 0.0154, "2": 0.0154, "3": 0.0, "no_attempt_incomplete": 0.0923, "no_attempt_lost": 0.2308}}}, "abstraction": {"Association": {"avg_first_try_pct": 0.647, "avg_wrong": 0.722, "n_rows": 3, "actual_wrong_dist": {"0": 0.4611, "1": 0.1078, "2": 0.1018, "3": 0.0838, "no_attempt_incomplete": 0.1317, "no_attempt_lost": 0.1138}}, "Direct membership": {"avg_first_try_pct": 0.626, "avg_wrong": 0.816, "n_rows": 39, "actual_wrong_dist": {"0": 0.481, "1": 0.1919, "2": 0.0861, "3": 0.0901, "no_attempt_incomplete": 0.077, "no_attempt_lost": 0.0739}}, "Shared property": {"avg_first_try_pct": 0.516, "avg_wrong": 1.036, "n_rows": 14, "actual_wrong_dist": {"0": 0.348, "1": 0.2126, "2": 0.1276, "3": 0.0724, "no_attempt_incomplete": 0.0898, "no_attempt_lost": 0.1496}}}, "knowledge": {"Common cultural": {"avg_first_try_pct": 0.659, "avg_wrong": 0.882, "n_rows": 17, "actual_wrong_dist": {"0": 0.4812, "1": 0.171, "2": 0.0958, "3": 0.0946, "no_attempt_incomplete": 0.0878, "no_attempt_lost": 0.0696}}, "General vocabulary": {"avg_first_try_pct": 0.561, "avg_wrong": 0.889, "n_rows": 37, "actual_wrong_dist": {"0": 0.4278, "1": 0.205, "2": 0.1011, "3": 0.085, "no_attempt_incomplete": 0.0767, "no_attempt_lost": 0.1044}}, "Specialist cultural": {"avg_first_try_pct": 0.824, "avg_wrong": 0.312, "n_rows": 2, "actual_wrong_dist": {"0": 0.56, "1": 0.13, "2": 0.02, "3": 0.02, "no_attempt_incomplete": 0.16, "no_attempt_lost": 0.11}}}, "same_domain": {"Different": {"avg_first_try_pct": 0.564, "avg_wrong": 0.939, "n_rows": 31, "actual_wrong_dist": {"0": 0.4257, "1": 0.1991, "2": 0.0981, "3": 0.0828, "no_attempt_incomplete": 0.0926, "no_attempt_lost": 0.1017}}, "Same": {"avg_first_try_pct": 0.644, "avg_wrong": 0.775, "n_rows": 25, "actual_wrong_dist": {"0": 0.4837, "1": 0.1806, "2": 0.0943, "3": 0.0899, "no_attempt_incomplete": 0.0696, "no_attempt_lost": 0.0819}}}}}