{"Manipulation": {"labels": ["Compound", "Hidden word", "Homophone", "None", "Word split"], "first_try": [58.294819793589085, 35.947086968758796, 72.3404255319149, 61.93444421859672, 97.72727272727273], "avg_wrong": [0.8701677312716132, 1.4070456890890326, 0.425531914893617, 0.8303838732792751, 0.06818181818181818], "never_correct": [13.133800161855788, 26.349563748944554, 17.02127659574468, 12.805668918211873, 2.272727272727273], "n": [7, 5, 1, 42, 1]}, "Abstraction": {"labels": ["Association", "Direct membership", "Shared property"], "first_try": [64.67311598757503, 62.64305048348323, 51.572515144328314], "avg_wrong": [0.7223148325271681, 0.8161802157698814, 1.0355904330388976], "never_correct": [20.524417238269614, 12.15827958995932, 17.50502589913297], "n": [3, 39, 14]}, "Knowledge": {"labels": ["Common cultural", "General vocabulary", "Specialist cultural"], "first_try": [65.85253247904733, 56.07387185541217, 82.44360902255639], "avg_wrong": [0.8819304421265555, 0.888651707792522, 0.31165413533834585], "never_correct": [11.29933747237821, 15.76931414556534, 2.631578947368421], "n": [17, 37, 2]}, "Knowledge Domain": {"labels": ["Film-TV", "Food", "General", "Geography", "Language", "Literature", "Maths", "Music", "Religion", "Science", "Technology"], "first_try": [65.01111934766493, 78.84360551027217, 63.466823667152006, 50.847457627118644, 58.288450487606, 58.69565217391305, 31.380867498514558, 70.44545829665782, 72.3404255319149, 55.87871193134352, 43.40311986863711], "avg_wrong": [0.5767234988880652, 0.3973926307259641, 0.7894789036581561, 1.576271186440678, 0.8656918960822949, 0.6521739130434783, 1.2358526440879383, 0.70135095686391, 0.425531914893617, 1.0657059314954052, 1.6276683087027914], "never_correct": [19.68124536693847, 5.893512560179227, 11.33668165160702, 8.47457627118644, 14.360139963111083, 28.26086956521739, 39.3630421865716, 8.866879923921372, 17.02127659574468, 7.562466772993089, 14.827586206896552], "n": [2, 3, 14, 1, 19, 1, 3, 6, 1, 3, 3]}}