{"by_id_manip": {"Hidden word": {"n": 1, "mean_first_try": 0.8064516129032258, "mean_attempts": 1.1612903225806452}, "None": {"n": 13, "mean_first_try": 0.8298843490563486, "mean_attempts": 1.5745502331893868}}, "by_con_manip": {"Compound": {"n": 2, "mean_first_try": 0.7474358974358974, "mean_attempts": 1.0128205128205128}, "None": {"n": 10, "mean_first_try": 0.8614362070049676, "mean_attempts": 1.477623089983022}, "Word split": {"n": 2, "mean_first_try": 0.7428571428571429, "mean_attempts": 2.4142857142857146}}, "by_tiles": {"2": {"n": 7, "mean_first_try": 0.794206714944042, "mean_attempts": 1.8564723380391581, "mean_solve_rate": 0.5139186970037388}, "3": {"n": 6, "mean_first_try": 0.8440120957664817, "mean_attempts": 1.19157045034238, "mean_solve_rate": 0.500081051771253}, "4": {"n": 1, "mean_first_try": 0.9714285714285714, "mean_attempts": 1.4857142857142858, "mean_solve_rate": 0.5961538461538461}}}