{"by_id_manip": {"Compound": {"n": 1, "mean_first_try": 0.8144350034183025, "mean_attempts": 6.000976657876746}, "Hidden word": {"n": 1, "mean_first_try": 0.4593952073031571, "mean_attempts": 6.72907949790795}, "None": {"n": 3, "mean_first_try": 0.6637169318201127, "mean_attempts": 4.667691923012896}}, "by_con_manip": {"None": {"n": 5, "mean_first_try": 0.6529962012363596, "mean_attempts": 5.346626384964677}}, "by_tiles": {"0": {"n": 1, "mean_first_try": 0.4011384062312762, "mean_attempts": 5.358198522069103, "mean_solve_rate": 0.2727204502814259}, "1": {"n": 2, "mean_first_try": 0.8595117478854076, "mean_attempts": 4.594989421436551, "mean_solve_rate": 0.4495515836129196}, "2": {"n": 2, "mean_first_try": 0.5724095520898532, "mean_attempts": 6.092477279940589, "mean_solve_rate": 0.46910808793024095}}}