{"by_id_manip": {"Compound": {"n": 1, "mean_first_try": 0.8354680950163018, "mean_attempts": 1.1824639031206334}, "Hidden word": {"n": 1, "mean_first_try": 0.4776243093922652, "mean_attempts": 1.4791436464088399}, "None": {"n": 5, "mean_first_try": 0.6895593185497393, "mean_attempts": 1.2819490495775672}}, "by_con_manip": {"None": {"n": 7, "mean_first_try": 0.6801269995938947, "mean_attempts": 1.295907542488187}}, "by_tiles": {"1": {"n": 3, "mean_first_try": 0.8112006492201423, "mean_attempts": 1.1592677417832002, "mean_solve_rate": 0.4188151415085175}, "2": {"n": 4, "mean_first_try": 0.5818217623742091, "mean_attempts": 1.398387393016927, "mean_solve_rate": 0.45554280858807517}}}