{"by_id_manip": {"Compound": {"n": 1, "mean_first_try": 0.8478260869565217, "mean_attempts": 3.108695652173913}, "Hidden word": {"n": 1, "mean_first_try": 0.8064516129032258, "mean_attempts": 1.1612903225806452}, "None": {"n": 15, "mean_first_try": 0.8102416495240491, "mean_attempts": 1.6422683217555882}}, "by_con_manip": {"Compound": {"n": 2, "mean_first_try": 0.7474358974358974, "mean_attempts": 1.0128205128205128}, "None": {"n": 12, "mean_first_try": 0.8556096968445335, "mean_attempts": 1.627483195572994}, "Phrase": {"n": 1, "mean_first_try": 0.56, "mean_attempts": 2.52}, "Word split": {"n": 2, "mean_first_try": 0.7428571428571429, "mean_attempts": 2.4142857142857146}}, "by_tiles": {"1": {"n": 2, "mean_first_try": 0.7764771460423634, "mean_attempts": 2.451783723522854, "mean_solve_rate": 0.6896008403361344}, "2": {"n": 7, "mean_first_try": 0.8084924292297563, "mean_attempts": 1.835043766610587, "mean_solve_rate": 0.5308858231967398}, "3": {"n": 6, "mean_first_try": 0.8440120957664817, "mean_attempts": 1.19157045034238, "mean_solve_rate": 0.5000810517712528}, "4": {"n": 2, "mean_first_try": 0.7657142857142858, "mean_attempts": 2.0028571428571427, "mean_solve_rate": 0.4257364975450082}}}