{"by_manip": {"Compound": {"n": 6, "mean_first_try": 0.8452380952380952, "mean_attempts": 1.3778659611992945}, "Hidden word": {"n": 1, "mean_first_try": 0.8064516129032258, "mean_attempts": 1.1612903225806452}, "None": {"n": 6, "mean_first_try": 0.8671303753363743, "mean_attempts": 1.4765166869015198}, "Word split": {"n": 1, "mean_first_try": 0.5142857142857142, "mean_attempts": 3.342857142857143}}, "by_tiles": {"2": {"n": 7, "mean_first_try": 0.794206714944042, "mean_attempts": 1.8564723380391581, "mean_solve_rate": 0.5139186970037388}, "3": {"n": 6, "mean_first_try": 0.8440120957664817, "mean_attempts": 1.19157045034238, "mean_solve_rate": 0.500081051771253}, "4": {"n": 1, "mean_first_try": 0.9714285714285714, "mean_attempts": 1.4857142857142858, "mean_solve_rate": 0.5961538461538461}}}